id_estação;nome_estação;endereço;cidade;bairro_estação;status_estação
3;GDL-002; C. Colonias  / Av.  Niños héroes;GDL;POLÍGONO CENTRAL;IN_SERVICE
4;GDL-003; C. Vidrio / Av. Chapultepec;GDL;POLÍGONO CENTRAL;IN_SERVICE
5;GDL-004; C. Ghilardi /C. Miraflores;GDL;POLÍGONO CENTRAL;IN_SERVICE
6;GDL-005; C. San Diego /Calzada Independencia;GDL;POLÍGONO CENTRAL;IN_SERVICE
8;GDL-006; C. Venustiano Carranza /C. Reforma;GDL;POLÍGONO CENTRAL;IN_SERVICE
9;GDL-007; C. Epigmenio Glez./Av. Cristobal C.;GDL;POLÍGONO CENTRAL;IN_SERVICE
10;GDL-008; C. J. Angulo / C. González Ortega;GDL;POLÍGONO CENTRAL;IN_SERVICE
11;GDL-009; Calz. Federalismo/ C. J. Angulo;GDL;POLÍGONO CENTRAL;IN_SERVICE
12;GDL-010; C. Cruz verde / C. Joaquin Angulo;GDL;POLÍGONO CENTRAL;IN_SERVICE
13;GDL-011; C. Garibaldi / C. Frías;GDL;POLÍGONO CENTRAL;IN_SERVICE
14;GDL-012; C. Joaquín Angulo / C. Ghilardi;GDL;POLÍGONO CENTRAL;IN_SERVICE
15;GDL-013; C. Vidrio  / C. Marsella;GDL;POLÍGONO CENTRAL;IN_SERVICE
16;GDL-014; C. J. Angulo/C José Clemente Orozco;GDL;POLÍGONO CENTRAL;IN_SERVICE
17;GDL-015; C. Herrera y Cairo /C. Pedro Buzeta;GDL;POLÍGONO CENTRAL;IN_SERVICE
18;GDL-016; C. Bernardo de Balbuena/C J. Angulo;GDL;POLÍGONO CENTRAL;IN_SERVICE
19;GDL-017; Av. México /C. Bernardo de Balbuena;GDL;POLÍGONO CENTRAL;IN_SERVICE
20;GDL-018; Av. México / C. Manuel M. Diéguez;GDL;POLÍGONO CENTRAL;IN_SERVICE
21;GDL-019;  C. Juan Manuel / C. Andrés Terán;GDL;POLÍGONO CENTRAL;IN_SERVICE
23;GDL-021; C. Nicolás Romero / C. Reforma;GDL;POLÍGONO CENTRAL;IN_SERVICE
24;GDL-022; C. San Felipe /C Enrique D. de León;GDL;POLÍGONO CENTRAL;IN_SERVICE
25;GDL-023; C. Jesús / C. San Felipe;GDL;POLÍGONO CENTRAL;IN_SERVICE
26;GDL-024; Av.  Federalismo / C. Juan Manuel;GDL;POLÍGONO CENTRAL;IN_SERVICE
27;GDL-025; C. Reforma / C. González Ortega;GDL;POLÍGONO CENTRAL;IN_SERVICE
28;GDL-026; C. Pedro Loza / C. Reforma;GDL;POLÍGONO CENTRAL;IN_SERVICE
29;GDL-027; C. Belén / C. San Felipe;GDL;POLÍGONO CENTRAL;IN_SERVICE
30;GDL-028; C. Gregorio Dávila /C. Manuel Acuña;GDL;POLÍGONO CENTRAL;IN_SERVICE
31;GDL-029; Calz. Indep. /C. Juan Manuel;GDL;POLÍGONO CENTRAL;IN_SERVICE
32;GDL-030; C. Pedro Moreno/ C. Progreso;GDL;POLÍGONO CENTRAL;IN_SERVICE
33;GDL-031; C. Hospital / C. Andrés Terán;GDL;POLÍGONO CENTRAL;IN_SERVICE
34;GDL-032; C. Degollado / Av. Hidalgo;GDL;POLÍGONO CENTRAL;IN_SERVICE
35;GDL-033; Av. Hidalgo / C. Pedro Loza;GDL;POLÍGONO CENTRAL;IN_SERVICE
36;GDL-034; C. Morelos / C. Donato Guerra;GDL;POLÍGONO CENTRAL;IN_SERVICE
37;GDL-035; C. Mezquitán / Av. Hidalgo;GDL;POLÍGONO CENTRAL;IN_SERVICE
38;GDL-036; C. Marcos Castellanos/ C. Morelos;GDL;POLÍGONO CENTRAL;IN_SERVICE
39;GDL-037; C.Juan N. Cumplido /C. Independenci;GDL;POLÍGONO CENTRAL;IN_SERVICE
40;GDL-038; C. Nicolás Romero / Av. Hidalgo;GDL;POLÍGONO CENTRAL;IN_SERVICE
41;GDL-039; C. General Coronado / Av. Hidalgo;GDL;POLÍGONO CENTRAL;IN_SERVICE
42;GDL-040; C. Morelos / C. Progreso;GDL;POLÍGONO CENTRAL;IN_SERVICE
43;GDL-041; C. Manuel M. Diéguez / Av. Hidalgo;GDL;POLÍGONO CENTRAL;IN_SERVICE
44;GDL-042; C. Bernardo de Balbuena /Av Hidalgo;GDL;POLÍGONO CENTRAL;IN_SERVICE
45;GDL-043; C. Simón Bolivar / C. López Cotilla;GDL;POLÍGONO CENTRAL;IN_SERVICE
46;GDL-044; C. Gral. San Martín /Av.  Vallarta;GDL;POLÍGONO CENTRAL;IN_SERVICE
47;GDL-045; C. Pedro Moreno / C. Marsella;GDL;POLÍGONO CENTRAL;IN_SERVICE
48;GDL-046; C. Emerson / Av. Vallarta;GDL;POLÍGONO CENTRAL;IN_SERVICE
49;GDL-047; C. Robles Gil / Av. Vallarta;GDL;POLÍGONO CENTRAL;IN_SERVICE
50;GDL-048; C. Constancio Hernández/ Av. Juaréz;GDL;POLÍGONO CENTRAL;IN_SERVICE
51;GDL-049; Lopez Cotilla/ Marcos Castellanos;GDL;POLÍGONO CENTRAL;IN_SERVICE
52;GDL-050; C. Pedro Moreno / Calz. Federalismo;GDL;POLÍGONO CENTRAL;IN_SERVICE
53;GDL-051; C. 8 de Julio / Av. Juárez;GDL;POLÍGONO CENTRAL;IN_SERVICE
54;GDL-052; Av. Juárez / Av. 16 de Septiembre;GDL;POLÍGONO CENTRAL;IN_SERVICE
55;GDL-053; C. Maestranza / Av. Juárez;GDL;POLÍGONO CENTRAL;IN_SERVICE
56;GDL-054; Av. Juárez / Calz. Independencia;GDL;POLÍGONO CENTRAL;IN_SERVICE
57;GDL-055; C. Degollado /C.Prisciliano Sánchez;GDL;POLÍGONO CENTRAL;IN_SERVICE
58;GDL-056; Av. 16 de Sept. / C. Miguel Blanco;GDL;POLÍGONO CENTRAL;IN_SERVICE
59;GDL-057; C. Ocampo / C. Prisciliano Sánchez;GDL;POLÍGONO CENTRAL;IN_SERVICE
60;GDL-058; C. Pavo / C. Prisciliano Sánchez;GDL;POLÍGONO CENTRAL;IN_SERVICE
61;GDL-059; C. Miguel Blanco / C. Penitenciaria;GDL;POLÍGONO CENTRAL;IN_SERVICE
62;GDL-060; C. Madero/ C. Camarena;GDL;POLÍGONO CENTRAL;IN_SERVICE
63;GDL-061; C. Libertad /  C. Argentina;GDL;POLÍGONO CENTRAL;IN_SERVICE
64;GDL-062; C. Libertad / C. Moscú;GDL;POLÍGONO CENTRAL;IN_SERVICE
65;GDL-063; C. Colonias  / C. López Cotilla;GDL;POLÍGONO CENTRAL;IN_SERVICE
66;GDL-064; C. Marsella / C. López Cotilla;GDL;POLÍGONO CENTRAL;IN_SERVICE
67;GDL-065; C. Simón Bolivar / Av. La Paz;GDL;POLÍGONO CENTRAL;IN_SERVICE
68;GDL-066; C Lerdo de Tejada/C Gral. Sn Martín;GDL;POLÍGONO CENTRAL;IN_SERVICE
69;GDL-067; Calzada Federalismo / C. Vidrio;GDL;POLÍGONO CENTRAL;IN_SERVICE
70;GDL-068; C. Guadalupe Zuno / Av. Chapultepec;GDL;POLÍGONO CENTRAL;IN_SERVICE
71;GDL-069; C. Colonias / C. Guadalupe Zuno;GDL;POLÍGONO CENTRAL;IN_SERVICE
72;GDL-070; Av. La  Paz / C. Juan de Ojeda;GDL;POLÍGONO CENTRAL;IN_SERVICE
73;GDL-071; Av. La Paz /Av.Enrique Díaz de León;GDL;POLÍGONO CENTRAL;IN_SERVICE
74;GDL-072; Av. La Paz / C. Camarena;GDL;POLÍGONO CENTRAL;IN_SERVICE
75;GDL-073; Av. La Paz / Av. Federalismo;GDL;POLÍGONO CENTRAL;IN_SERVICE
76;GDL-074; C. Enrique González / C. Libertad;GDL;POLÍGONO CENTRAL;IN_SERVICE
77;GDL-075; C. Pedro Rioseco /C. Nueva Galicia;GDL;POLÍGONO CENTRAL;IN_SERVICE
78;GDL-076; Calz. Revolución / C. San Fernando;GDL;POLÍGONO CENTRAL;IN_SERVICE
79;GDL-077; C. Argentina / C. Pedro Moreno;GDL;POLÍGONO CENTRAL;IN_SERVICE
80;GDL-078; C. Comercio / C. La Paz;GDL;POLÍGONO CENTRAL;IN_SERVICE
81;GDL-079;  C. Donato Guerra /Av. La Paz;GDL;POLÍGONO CENTRAL;IN_SERVICE
82;GDL-080; C. Manuel Acuña / Av. Américas;GDL;POLÍGONO CENTRAL;IN_SERVICE
83;GDL-081; C. Venezuela / Av. Niños Héroes;GDL;POLÍGONO CENTRAL;IN_SERVICE
84;GDL-082; C. Gpe. Montenegro/C.Nuño de Guzman;GDL;POLÍGONO CENTRAL;IN_SERVICE
85;GDL-083; C. Vidrio / Av. Enrique Díaz;GDL;POLÍGONO CENTRAL;IN_SERVICE
86;GDL-084; C. Montenegro / Av. Chapultepec;GDL;POLÍGONO CENTRAL;IN_SERVICE
87;GDL-085; C. Gdpe. Zuno/ Av.  Unión;GDL;POLÍGONO CENTRAL;IN_SERVICE
88;GDL-086; C. Simón Bolivar / Av. Niños Héroes;GDL;POLÍGONO CENTRAL;IN_SERVICE
91;ZPN-001; Emilio Carranza /Carretera Tesistán;ZPN;ZAPOPAN CENTRO;IN_SERVICE
92;ZPN-002; C. Emilio Carranza /C. Independenci;ZPN;ZAPOPAN CENTRO;IN_SERVICE
93;ZPN-003; C. Emilio Carranza / Av. Hidalgo;ZPN;ZAPOPAN CENTRO;IN_SERVICE
94;GDL-220; Av. Científicos / C. Filósofos;GDL;ZAPOPAN CENTRO;IN_SERVICE
95;ZPN-005; C. Del Corral / C. Anáhuac;ZPN;ZAPOPAN CENTRO;IN_SERVICE
96;ZPN-006; C. Sta. Rita / Av. Avila Camacho;ZPN;ZAPOPAN CENTRO;IN_SERVICE
98;ZPN-008; C. Vicente Guerrero / Av. Hidalgo;ZPN;ZAPOPAN CENTRO;IN_SERVICE
100;ZPN-010; C. Ramón Corona / C. Cuauhtémoc;ZPN;ZAPOPAN CENTRO;IN_SERVICE
101;ZPN-011; C. Pino Suárez / C. López Cotilla;ZPN;ZAPOPAN CENTRO;IN_SERVICE
102;ZPN-012; C. Pino Suárez / Av. Juan Pablo II;ZPN;ZAPOPAN CENTRO;IN_SERVICE
103;ZPN-013; C. Eva Briseño / C. Javier Mina;ZPN;ZAPOPAN CENTRO;IN_SERVICE
104;exZPN-014; C. Plata / Av. Laureles ;exZPN;ZAPOPAN CENTRO;NOT_IN_SERVICE
105;ZPN-015; Blvr. de la Espuela / Blvr. Charros;ZPN;ZAPOPAN CENTRO;IN_SERVICE
106;ZPN-016; Av. Hidalgo/ C. Emiliano Zapata;ZPN;ZAPOPAN CENTRO;IN_SERVICE
107;ZPN-017; C. Juan Manuel / C. Pedro Moreno;ZPN;ZAPOPAN CENTRO;IN_SERVICE
108;ZPN-018; Av. Laureles / Blvrd. Panamericano;ZPN;ZAPOPAN CENTRO;IN_SERVICE
110;ZPN-020; Av. Aurelio Ortega / Av. Laureles;ZPN;ZAPOPAN CENTRO;IN_SERVICE
111;ZPN-021; Blvrd. Panamericano/ C.Santa Mónica;ZPN;ZAPOPAN CENTRO;IN_SERVICE
112;ZPN-022; Av. Aurelio Ortega / C. Morelos;ZPN;ZAPOPAN CENTRO;IN_SERVICE
115;ZPN-025; Av. V. Carranza / Av. Jose Simeon;ZPN;ZAPOPAN CENTRO;IN_SERVICE
117;ZPN-027; C. 5 de Mayo / C. Noviembre;ZPN;ZAPOPAN CENTRO;IN_SERVICE
118;ZPN-028; Av. F. Aranguren / Av. Laureles;ZPN;ZAPOPAN CENTRO;IN_SERVICE
119;ZPN-029; C. La Villa / C. Cuauhtémoc;ZPN;ZAPOPAN CENTRO;IN_SERVICE
120;ZPN-030; Av.Juan Pablo II / Lázaro Cárdenas;ZPN;ZAPOPAN CENTRO;IN_SERVICE
125;ZPN-031; C. Niño Obrero/Calz Lázaro Cárdenas;ZPN;POLÍGONO CENTRAL;IN_SERVICE
126;ZPN-032; Calz Lázaro Cárdenas / Av San Fco;ZPN;POLÍGONO CENTRAL;IN_SERVICE
127;ZPN-033; Av Lázaro Cárdenas / Av San Ignacio;ZPN;POLÍGONO CENTRAL;IN_SERVICE
128;ZPN-034; C. San Demetrio / C. Niño Obrero;ZPN;POLÍGONO CENTRAL;IN_SERVICE
129;ZPN-035; C. San Juan Bosco / Av. San Ignacio;ZPN;POLÍGONO CENTRAL;IN_SERVICE
130;ZPN-036; C. Niño Obrero /C José María Robles;ZPN;POLÍGONO CENTRAL;IN_SERVICE
131;ZPN-037; Av. San Ignacio / Av. Guadalupe;ZPN;POLÍGONO CENTRAL;IN_SERVICE
132;ZPN-038; C. Santa Rita / Av. Guadalupe;ZPN;POLÍGONO CENTRAL;IN_SERVICE
133;ZPN-039; Av. Niño Obrero / C. Juan Diego;ZPN;POLÍGONO CENTRAL;IN_SERVICE
134;ZPN-040; C. Santa María / C. Árbol;ZPN;POLÍGONO CENTRAL;IN_SERVICE
135;ZPN-041; C. 12 de Diciembre / C. Juan Diego;ZPN;POLÍGONO CENTRAL;IN_SERVICE
136;ZPN-042; C. Tonatiuh / Av. Netzahualcóyotl;ZPN;POLÍGONO CENTRAL;IN_SERVICE
137;ZPN-043; C. Ermita / C. Del Árbol;ZPN;POLÍGONO CENTRAL;IN_SERVICE
139;ZPN-045; Av. Tizoc / C. Iztaccíhuatl;ZPN;POLÍGONO CENTRAL;IN_SERVICE
140;ZPN-046; Av. Cubilete / Av. López Mateos;ZPN;POLÍGONO CENTRAL;IN_SERVICE
141;ZPN-047; Av. Tizoc / Av. López Mateos;ZPN;POLÍGONO CENTRAL;IN_SERVICE
142;TLQ-001; BlvrdGarcía Barragán/C. Río Tajo;TLQ;TLQ-CORREDORATLAS;IN_SERVICE
143;TLQ-002; C. Juárez / Av. Niños Héroes;TLQ;TLQ-CORREDORATLAS;IN_SERVICE
144;TLQ-003; C. Contreras Medellín/Donato Guerra;TLQ;TLQ-CORREDORATLAS;IN_SERVICE
145;TLQ-004; C. Donato Guerra / C. Obregón;TLQ;TLQ-CORREDORATLAS;IN_SERVICE
146;TLQ-005; C. Zalatitán / C. Jalisco;TLQ;TLQ-CORREDORATLAS;IN_SERVICE
148;TLQ-007; Blvrd.García Barragán/Donato Guerra;TLQ;TLQ-CORREDORATLAS;IN_SERVICE
150;TLQ-009; C. Progreso / C. Juárez;TLQ;TLQ-CORREDORATLAS;IN_SERVICE
151;TLQ-010; C. Zaragoza / C. Emilio Carranza;TLQ;TLQ-CORREDORATLAS;IN_SERVICE
152;TLQ-011; C. Jalisco / C. Hidalgo;TLQ;TLQ-CORREDORATLAS;IN_SERVICE
153;TLQ-012; C. Paseo Don Bosco / C. Tonalá;TLQ;TLQ-CORREDORATLAS;IN_SERVICE
154;GDL-087; Av. Américas / Av. López Mateos;GDL;POLÍGONO CENTRAL;IN_SERVICE
155;GDL-088; Av.Plan de San Luis/C. Andrés Teran;GDL;POLÍGONO CENTRAL;IN_SERVICE
156;GDL-089; C. Juan Álvarez / C. Cruz Verde;GDL;POLÍGONO CENTRAL;IN_SERVICE
157;GDL-090; Calz. Federalismo / C. Durango;GDL;POLÍGONO CENTRAL;IN_SERVICE
158;GDL-091; C. Magisterio /Av. M. Ávila Camacho;GDL;POLÍGONO CENTRAL;IN_SERVICE
159;GDL-092; Calz Federalismo / Av Plan San Luis;GDL;POLÍGONO CENTRAL;IN_SERVICE
160;GDL-093; C. H Colegio Militar / Av. Américas;GDL;POLÍGONO CENTRAL;IN_SERVICE
161;GDL-094; C. Manuel Cambre / C. Andrés Teran;GDL;POLÍGONO CENTRAL;IN_SERVICE
162;GDL-095;  C. Mariano Bárcena / Maestros;GDL;POLÍGONO CENTRAL;IN_SERVICE
163;GDL-096; C. Jesús García / C. González Orte;GDL;POLÍGONO CENTRAL;IN_SERVICE
164;GDL-097; C.Jesús García / C. Juan N Cumplido;GDL;POLÍGONO CENTRAL;IN_SERVICE
165;GDL-098; Calz. Federalismo / Av. Maestros;GDL;POLÍGONO CENTRAL;IN_SERVICE
166;GDL-099; C. Eulogio Parra /C.González Ortega;GDL;POLÍGONO CENTRAL;IN_SERVICE
167;GDL-100; C. Ayuntamiento/C. A. R. Plasencia;GDL;POLÍGONO CENTRAL;IN_SERVICE
168;GDL-101; C. Amado Nervo /C. José María Vigil;GDL;POLÍGONO CENTRAL;IN_SERVICE
169;GDL-102; C. María Vigil/C. Manuel M. Dieguez;GDL;POLÍGONO CENTRAL;IN_SERVICE
170;GDL-103; J. Clemente Orozco /C. Jesús García;GDL;POLÍGONO CENTRAL;IN_SERVICE
171;GDL-104; C. Pedro Loza / Av. Manuel Acuña;GDL;POLÍGONO CENTRAL;IN_SERVICE
172;GDL-105; C. Pino Suárez / C. Joaquin Angulo;GDL;POLÍGONO CENTRAL;IN_SERVICE
173;GDL-106; C. Juan Álvarez / C. Belén;GDL;POLÍGONO CENTRAL;IN_SERVICE
174;GDL-107; Calz. Federalismo/C. J. María Vigil;GDL;POLÍGONO CENTRAL;IN_SERVICE
175;GDL-108; C. Hospital / C. Alameda;GDL;POLÍGONO CENTRAL;IN_SERVICE
176;GDL-109; C. Eulogio Parra / Av. Américas;GDL;POLÍGONO CENTRAL;IN_SERVICE
177;GDL-110; C. Manuel Diéguez/Av. Eulogio Parra;GDL;POLÍGONO CENTRAL;IN_SERVICE
178;GDL-111; C. José Palomar / C. Hospital;GDL;POLÍGONO CENTRAL;IN_SERVICE
179;GDL-112; C. C. Orozco/C. Gral. Eulogio Parra;GDL;POLÍGONO CENTRAL;IN_SERVICE
180;GDL-113; C. Ghilardi / C. Arista;GDL;POLÍGONO CENTRAL;NOT_IN_SERVICE
181;GDL-114; C. Monte Cáucaso / C. Alameda;GDL;POLÍGONO CENTRAL;IN_SERVICE
182;GDL-115; Calz. Federalismo / C. Fco. Zarco;GDL;POLÍGONO CENTRAL;IN_SERVICE
183;GDL-116; Av Manuel Acuña/C. Pablo Villaseñor;GDL;POLÍGONO CENTRAL;IN_SERVICE
184;GDL-117; Av Manuel Acuña / C Fray Fco Frejes;GDL;POLÍGONO CENTRAL;IN_SERVICE
185;GDL-118; C. Antonio de León / C. Garibaldi;GDL;POLÍGONO CENTRAL;IN_SERVICE
186;GDL-119; C. Fco Rojas González /C. Garibaldi;GDL;POLÍGONO CENTRAL;IN_SERVICE
187;GDL-120; C. Agustín de la Rosa /C. Garibaldi;GDL;POLÍGONO CENTRAL;IN_SERVICE
188;GDL-121; C. Tomás V. Gómez / Av. México;GDL;POLÍGONO CENTRAL;IN_SERVICE
189;GDL-122; C. Fray Luis DePalacio/ Av. México;GDL;POLÍGONO CENTRAL;IN_SERVICE
190;GDL-123; C. Aurelio L. Gallardo / Av. México;GDL;POLÍGONO CENTRAL;IN_SERVICE
191;GDL-124; C. Severo Díaz / C. Justo Sierra;GDL;POLÍGONO CENTRAL;IN_SERVICE
192;GDL-125; C. Pablo Villaseñor / Av. Hidalgo;GDL;POLÍGONO CENTRAL;IN_SERVICE
193;GDL-126; C. Aurelio L. Gallardo / Av Hidalgo;GDL;POLÍGONO CENTRAL;IN_SERVICE
194;GDL-127; Av. Vallarta / Av. de Los Arcos;GDL;POLÍGONO CENTRAL;IN_SERVICE
195;GDL-128; Av. Morelos / C. Emilio Castelar;GDL;POLÍGONO CENTRAL;IN_SERVICE
196;GDL-129; C. Lope de Vega / Av. Vallarta;GDL;POLÍGONO CENTRAL;IN_SERVICE
197;GDL-130; C. J. Ruíz de Alarcón / Av Vallarta;GDL;POLÍGONO CENTRAL;IN_SERVICE
198;GDL-131; C. Emilio Castelar / Av. La Paz;GDL;POLÍGONO CENTRAL;IN_SERVICE
199;GDL-132; C. Lope de Vega / Av. La Paz;GDL;POLÍGONO CENTRAL;IN_SERVICE
200;GDL-133; C. J. Ruíz de Alarcón / Av. La Paz;GDL;POLÍGONO CENTRAL;IN_SERVICE
201;GDL-134; C. Agustín Yáñez / C. Fco Ugarte;GDL;POLÍGONO CENTRAL;IN_SERVICE
202;GDL-135; C. Victoriano Agüeros / Av. Unión;GDL;POLÍGONO CENTRAL;IN_SERVICE
203;GDL-136; C. Lope de Vega/C. Efraín Glez Luna;GDL;POLÍGONO CENTRAL;IN_SERVICE
204;GDL-137; C. Ruíz de Alarcón/C. Efraín G Luna;GDL;POLÍGONO CENTRAL;IN_SERVICE
205;GDL-138; C. de la Nebulosa / C. Placeres;GDL;POLÍGONO CENTRAL;IN_SERVICE
206;GDL-139; C. Firmamento / Av. Niños Héroes;GDL;POLÍGONO CENTRAL;IN_SERVICE
207;GDL-140; C. Constelación / Av. de los Arcos;GDL;POLÍGONO CENTRAL;IN_SERVICE
208;GDL-141; C. Ruíz de Alarcón/C. Agustín Yáñez;GDL;POLÍGONO CENTRAL;IN_SERVICE
209;GDL-142; C. De la Nebulosa / C. Firmamento;GDL;POLÍGONO CENTRAL;IN_SERVICE
210;GDL-143; C. Eclipse / Av. de Los Arcos;GDL;POLÍGONO CENTRAL;IN_SERVICE
211;GDL-144; C. Primo Feliciano / C. San Gabriel;GDL;POLÍGONO CENTRAL;IN_SERVICE
212;GDL-145; C. San Miguel / Av. San Francisco;GDL;POLÍGONO CENTRAL;IN_SERVICE
213;GDL-146; Av. Guadalupe / C. Boturini;GDL;POLÍGONO CENTRAL;IN_SERVICE
214;GDL-147; Calz. Lázaro Cárdenas/Av. Guadalupe;GDL;POLÍGONO CENTRAL;IN_SERVICE
215;GDL-148; C. San Rafael / Av. Tepeyac;GDL;POLÍGONO CENTRAL;IN_SERVICE
216;GDL-149; Calz. Lázaro Cárdenas/López Mateos;GDL;POLÍGONO CENTRAL;IN_SERVICE
217;GDL-150; C. Asunción / Av. Chapalita;GDL;POLÍGONO CENTRAL;IN_SERVICE
218;GDL-151; C. Capuchinas / Av. Chapalita;GDL;POLÍGONO CENTRAL;IN_SERVICE
219;GDL-152; Parque de las Estrellas/C. Orión;GDL;POLÍGONO CENTRAL;IN_SERVICE
220;GDL-153; C. Crepúsculo / Av. Tonantzin;GDL;POLÍGONO CENTRAL;IN_SERVICE
221;GDL-154; C. Capuchinas / Av. Las Rosas;GDL;POLÍGONO CENTRAL;IN_SERVICE
222;GDL-155; Parque de las Estrellas/Mariano Ote;GDL;POLÍGONO CENTRAL;IN_SERVICE
224;GDL-157; Av. Mariano Otero/ Av. De las Rosas;GDL;POLÍGONO CENTRAL;IN_SERVICE
225;GDL-158; Av. Faro / Av. Las Rosas;GDL;POLÍGONO CENTRAL;IN_SERVICE
226;GDL-159; C. Guadalupe Victoria /Del Ejercito;GDL;TLQ-CORREDORATLAS;IN_SERVICE
227;GDL-160; C.Silverio Garcia/Blvrd. García Ba;GDL;TLQ-CORREDORATLAS;IN_SERVICE
228;GDL-161; C. Rio Usumacinta/Blvrd García Barr;GDL;TLQ-CORREDORATLAS;IN_SERVICE
229;GDL-162; C. Rio Tuxpan / C. Salvador Lopez C;GDL;TLQ-CORREDORATLAS;IN_SERVICE
230;GDL-163; C. Corregidora / Blvrd. García B.;GDL;TLQ-CORREDORATLAS;IN_SERVICE
231;GDL-164; Av. Olímpica /C. José Rolon;GDL;TLQ-CORREDORATLAS;IN_SERVICE
232;GDL-165; C. Rio Panuco/ Blvrd. García B.;GDL;TLQ-CORREDORATLAS;IN_SERVICE
233;GDL-166; C. Rio Principal / Blvrd. García B.;GDL;TLQ-CORREDORATLAS;IN_SERVICE
234;GDL-167; C. Rio San Juan de Dios/Blvrd. Garc;GDL;TLQ-CORREDORATLAS;IN_SERVICE
235;GDL-168; Av. Rio Nilo / C. Ramón Pacheco;GDL;TLQ-CORREDORATLAS;IN_SERVICE
236;GDL-169; Blvrd. García Barragán/ C. Rio Zapo;GDL;TLQ-CORREDORATLAS;IN_SERVICE
237;GDL-170;  C. Relojeros/ C. Chamizal;GDL;TLQ-CORREDORATLAS;IN_SERVICE
238;GDL-171; C. Maquinistas / C. San Rafael;GDL;TLQ-CORREDORATLAS;IN_SERVICE
239;GDL-172; C. Chamizal / Av. Rio Nilo;GDL;TLQ-CORREDORATLAS;IN_SERVICE
400;GDL-173; Av. 5 de Febrero / Av. Dr. R Michel;GDL;POLÍGONO CENTRAL;IN_SERVICE
241;GDL-174; C. Juan de Zumárraga / Av. Tepeyac;GDL;POLÍGONO CENTRAL;IN_SERVICE
242;GDL-175; C. Ermita / C. San Uriel;GDL;POLÍGONO CENTRAL;IN_SERVICE
243;GDL-176; C. San Bonifacio/ Paseo Benedictino;GDL;POLÍGONO CENTRAL;IN_SERVICE
244;GDL-177; C. Fray Fco Frejes / C. Fco Zarco;GDL;POLÍGONO CENTRAL;IN_SERVICE
246;GDL-178; Salvador Quevedo/López Portillo;GDL;POLÍGONO CENTRAL;IN_SERVICE
247;GDL-179; C. Monte Cáucaso / C. Sierra Nevada;GDL;POLÍGONO CENTRAL;IN_SERVICE
248;GDL-180; C. Montes Pirineos/Salvador Quevedo;GDL;POLÍGONO CENTRAL;IN_SERVICE
249;GDL-181; C.Ignacio Rmrz / Av Plan de San Lui;GDL;POLÍGONO CENTRAL;IN_SERVICE
251;TLQ-006; C. Miguel Hidalgo / Calz. Revolució;TLQ;TLQ-CORREDORATLAS;IN_SERVICE
253;GDL-156; C. Duque de Rivas/ C. López Cotilla;GDL;POLÍGONO CENTRAL;IN_SERVICE
254;GDL-020; C. General Coronado / C.Juan Manuel;GDL;POLÍGONO CENTRAL;IN_SERVICE
255;GDL-182; C. General Coronado / C. Manuel Acu;GDL;POLÍGONO CENTRAL;IN_SERVICE
256;GDL-183; Calz. Independencia / Av. Niños Hér;GDL;POLÍGONO CENTRAL;IN_SERVICE
257;GDL-184; Ingreso Cucei / Revolución;GDL;TLQ-CORREDORATLAS;IN_SERVICE
258;GDL-185; Dr. Silverio García /Av. Revolución;GDL;TLQ-CORREDORATLAS;IN_SERVICE
259;GDL-186; C. Argentina / C. Francia;GDL;POLÍGONO CENTRAL;IN_SERVICE
260;GDL-187; Av. 16 de Septiembre / C. Priscilia;GDL;POLÍGONO CENTRAL;IN_SERVICE
261;GDL-188; Av. de la Presa / Av. Manuel A. Cam;GDL;POLÍGONO CENTRAL;IN_SERVICE
262;GDL-189; C. 5 de Mayo/ Av. Revolución;GDL;POLÍGONO CENTRAL;IN_SERVICE
263;GDL-190; C. Anahuac / Av. Revolución;GDL;POLÍGONO CENTRAL;IN_SERVICE
264;GDL-191; Plaza de los Mariachis;GDL;POLÍGONO CENTRAL;IN_SERVICE
265;GDL-192; Calle A1 / Av. Manuel A. Camacho;GDL;POLÍGONO CENTRAL;IN_SERVICE
266;GDL-193; C. Hawai / C. Nicolás Romero;GDL;POLÍGONO CENTRAL;IN_SERVICE
267;GDL-194; Av. Revolución / C. Ramón López Ve;GDL;TLQ-CORREDORATLAS;IN_SERVICE
268;GDL-195; C. Ramón Corona / Av. Juárez;GDL;POLÍGONO CENTRAL;IN_SERVICE
269;GDL-196; C. Esmeralda / C. Manuel Acuña;GDL;POLÍGONO CENTRAL;IN_SERVICE
270;GDL-197; Av. Río Nilo / Av. Revolución;GDL;TLQ-CORREDORATLAS;IN_SERVICE
271;GDL-198; Av. Alcalde / C. Hospital;GDL;POLÍGONO CENTRAL;IN_SERVICE
272;GDL-199; C. Jesús García/Av. Alcalde;GDL;POLÍGONO CENTRAL;IN_SERVICE
273;GDL-200; Av. Alcalde /Av. Manuel A. Camacho;GDL;POLÍGONO CENTRAL;IN_SERVICE
274;GDL-201; Av. de los Normalistas / C. M. Guti;GDL;POLÍGONO CENTRAL;IN_SERVICE
275;GDL-202; C. Magisterio / C. Durango;GDL;POLÍGONO CENTRAL;IN_SERVICE
276;GDL-203; Av. Federalismo / C. Tamaulipas;GDL;POLÍGONO CENTRAL;IN_SERVICE
277;GDL-204; C. España/ Av. Chapultepec;GDL;POLÍGONO CENTRAL;IN_SERVICE
278;GDL-205; Av. Agustín Yáñez /C. Venezuela;GDL;POLÍGONO CENTRAL;IN_SERVICE
279;GDL-206; C. Suiza / Av. Enrique Díaz de león;GDL;POLÍGONO CENTRAL;IN_SERVICE
280;GDL-207; C. Lázaro Pérez / C. Escorza;GDL;POLÍGONO CENTRAL;IN_SERVICE
281;GDL-208; Av. España / Av. Federalismo;GDL;POLÍGONO CENTRAL;IN_SERVICE
282;GDL-209; Calz. del Campesino / Calz. Indepen;GDL;POLÍGONO CENTRAL;IN_SERVICE
283;GDL-210; Av. Washington / Calz. Independenci;GDL;POLÍGONO CENTRAL;IN_SERVICE
284;GDL-211; Av. Washington / C. Rusia;GDL;POLÍGONO CENTRAL;IN_SERVICE
285;GDL-212; C. Nicolás Romero / C. Jaime Nunó;GDL;POLÍGONO CENTRAL;IN_SERVICE
286;ZPN-023; Blvrd. de la Espuela / C. Silvano B;ZPN;ZAPOPAN CENTRO;IN_SERVICE
287;ZPN-024; C. Francisco Sarabia / Av. Laureles;ZPN;ZAPOPAN CENTRO;IN_SERVICE
288;ZPN-048; Av. J. Parres Arias / Prol. López C;ZPN;ZAPOPAN CENTRO;IN_SERVICE
289;ZPN-049; Ávila Camacho/ Lábaro Patrio;ZPN;ZAPOPAN CENTRO;IN_SERVICE
290;ZPN-050; C. el Mediero / Prol. Laureles;ZPN;ZAPOPAN CENTRO;IN_SERVICE
291;ZPN-051; Av. Periférico G. Morín / Av. J. Pa;ZPN;ZAPOPAN CENTRO;IN_SERVICE
292;ZPN-052; C. del Pial / C. del Vigía;ZPN;ZAPOPAN CENTRO;IN_SERVICE
293;ZPN-053; Prol. Laureles / Av. Periférico G.;ZPN;ZAPOPAN CENTRO;IN_SERVICE
294;ZPN-054; Av. J. Parres Arias / C. Ignacio Ja;ZPN;ZAPOPAN CENTRO;IN_SERVICE
295;ZPN-055; Prol. Laureles / Av. J. Parres Aria;ZPN;ZAPOPAN CENTRO;IN_SERVICE
296;ZPN-056; Av. M. Ávila Camacho / C. San Jorge;ZPN;ZAPOPAN CENTRO;IN_SERVICE
302;TLQ-008; C. Independencia / C. Allende;TLQ;TLQ-CORREDORATLAS;IN_SERVICE
303;GDL-217; C. Ontario / Av. Manuel Acuña;GDL;POLÍGONO CENTRAL;IN_SERVICE
304;GDL-214; C. Chihuahua / C. Miguel Galindo;GDL;POLÍGONO CENTRAL;IN_SERVICE
305;GDL-223; C. Dr. Pérez Arce/ C. Gómez Farias;GDL;TLQ-CORREDORATLAS;IN_SERVICE
306;ZPN-066; C. Cuauhtémoc / Av. Tepeyac;ZPN;POLÍGONO CENTRAL;IN_SERVICE
307;GDL-215; C. Durango / C. Gregorio Davila;GDL;POLÍGONO CENTRAL;IN_SERVICE
308;ZPN-065; C. Del Carmen / Av. Guadalupe;ZPN;POLÍGONO CENTRAL;IN_SERVICE
309;ZPN-064; C. Sto de Aquino / Av. Sta Teresa;ZPN;POLÍGONO CENTRAL;IN_SERVICE
310;exZPN-063; C. San Felipe Neri / Av. Guadalu;exZPN;POLÍGONO CENTRAL;NOT_IN_SERVICE
311;GDL-216; C. Tepic / C. Frías.;GDL;POLÍGONO CENTRAL;IN_SERVICE
312;ZPN-067; C. Chimalhuacán / Av. López Mateos;ZPN;POLÍGONO CENTRAL;IN_SERVICE
313;ZPN-057; C. Escultores / Av. Guadalupe;ZPN;POLÍGONO CENTRAL;IN_SERVICE
314;ZPN-062; C. Loyola / C. Organización;ZPN;POLÍGONO CENTRAL;IN_SERVICE
315;ZPN-061; C. Organización / Av. Guadalupe;ZPN;POLÍGONO CENTRAL;IN_SERVICE
316;ZPN-060; C. De Los Leones / Av. Tepeyac;ZPN;POLÍGONO CENTRAL;IN_SERVICE
317;GDL-224; C. Reyes Flores/ C.Federico Medrano;GDL;POLÍGONO CENTRAL;IN_SERVICE
318;GDL-222; C. Aldama / C. Dr. Leonardo Oliva;GDL;TLQ-CORREDORATLAS;IN_SERVICE
319;ZPN-058; Av. Labna / Av. Tepeyac;ZPN;TLQ-CORREDORATLAS;IN_SERVICE
320;ZPN-059; C. Prados los Pinos/ Av. Tepeyac;ZPN;POLÍGONO CENTRAL;IN_SERVICE
321;GDL-218; C.Hércules / Av. De la Arboleda;GDL;POLÍGONO CENTRAL;IN_SERVICE
322;GDL-225; C. Gral Carlos Fuero/Av. Revolución;GDL;POLÍGONO CENTRAL;IN_SERVICE
323;GDL-213; C. Palavicini / Av. Circunvalación;GDL;TLQ-CORREDORATLAS;IN_SERVICE
324;GDL-221; De los científicos/ J. J. Tablada;GDL;POLÍGONO CENTRAL;IN_SERVICE
325;GDL-226; C. Luis G. Cuevas /Av. Revolución;GDL;POLÍGONO CENTRAL;IN_SERVICE
326;GDL-219; C. D. Rivera / C. Filósofos;GDL;TLQ-CORREDORATLAS;IN_SERVICE
327;GDL-227; C. Artistas / C. Carlos Pereira;GDL;POLÍGONO CENTRAL;IN_SERVICE
328;GDL-233; S .Juan de Ulúa /Andrés Q.R.;GDL;POLÍGONO CENTRAL;IN_SERVICE
329;GDL-235; Félix Palavicini / División del Nte;(GDL;POLÍGONO CENTRAL;IN_SERVICE
330;GDL-236; Félix Palavicini / Antonio Alcalde;GDL;POLÍGONO CENTRAL;IN_SERVICE
331;GDL-259; C. Dionisio Rodriguez  / C. Cabañas;GDL;POLÍGONO CENTRAL;IN_SERVICE
332;GDL-234; C. Chihuahua / C. Francisco Tejeda;GDL;POLÍGONO CENTRAL;IN_SERVICE
333;GDL-239; Silvestre Revueltas Fray Antonio A;GDL;POLÍGONO CENTRAL;IN_SERVICE
334;GDL-261;C. Jarauta, Javier Mina;GDL;POLÍGONO CENTRAL;IN_SERVICE
335;GDL-242; C. Sevilla / Av. de los Maestros;GDL;POLÍGONO CENTRAL;IN_SERVICE
336;GDL-243;Av. De los Maestros / C. Mil Cumbres;GDL;POLÍGONO CENTRAL;IN_SERVICE
337;GDL-245;C. Alejandrina / C. Torres Quintero;GDL;POLÍGONO CENTRAL;IN_SERVICE
338;GDL-258; Manuel Doblado / Dionisio Rodriguez;GDL;POLÍGONO CENTRAL;IN_SERVICE
339;ZPN-068;Francisco Mora / Aurelio Ortega;ZPN;POLÍGONO CENTRAL;IN_SERVICE
340;ZPN-069;Jesús María Romo /Av. Aurelio Ortega;ZPN;ZAPOPAN CENTRO;IN_SERVICE
341;ZPN-070;Av. Avila Camacho / Av. Patria;ZPN;ZAPOPAN CENTRO;IN_SERVICE
342;ZPN-073;C. Pintores/ Av. Jose Luis Gonzaga;ZPN;ZAPOPAN CENTRO;IN_SERVICE
343;ZPN-074; C. Doctores / Av. San Luis Gonzaga;ZPN;POLÍGONO CENTRAL;IN_SERVICE
344;ZPN-076;C. Pintores / Av. Guadalupe;ZPN;POLÍGONO CENTRAL;IN_SERVICE
345;ZPN-075; C. Arquitectos / Av. Guadalupe;ZPN;POLÍGONO CENTRAL;IN_SERVICE
346;GDL-248;C. Hospital / C. Humboldt;GDL;POLÍGONO CENTRAL;IN_SERVICE
347;GDL-249;C. Agustín Rivera / C. Manuel Acuña;GDL;POLÍGONO CENTRAL;IN_SERVICE
348;GDL-250; Clemente Aguirre / Roque Abarca;GDL;POLÍGONO CENTRAL;IN_SERVICE
349;GDL-244;C. Paricutin / Calz. Independencia;GDL;POLÍGONO CENTRAL;IN_SERVICE
350;GDL-228;C. La Soledad / Av. Ávila Camacho;GDL;POLÍGONO CENTRAL;IN_SERVICE
351;ZPN-071;Av. San Ignacio / Av. Vallarta;ZPN;POLÍGONO CENTRAL;IN_SERVICE
352;ZPN-072; Av. San Francisco / Av. San Ignacio;ZPN;POLÍGONO CENTRAL;IN_SERVICE
353;GDL-263;C. Aldama / C. 5 de Mayo;GDL;POLÍGONO CENTRAL;IN_SERVICE
354;GDL-247;C. Tenerías / C. Belén;GDL;POLÍGONO CENTRAL;IN_SERVICE
355;GDL-257;C. Dionisio Rodr./ C. José Fernando;GDL;POLÍGONO CENTRAL;IN_SERVICE
356;GDL-270;C.Gómez Farías  / Calz. del Ejército;GDL;POLÍGONO CENTRAL;IN_SERVICE
357;GDL-268;Heroico Colegio Militar/Revolución;GDL;TLQ-CORREDORATLAS;IN_SERVICE
358;GDL-269;Valentín Gómez Farías/Riva Palacio;GDL;TLQ-CORREDORATLAS;IN_SERVICE
359;GDL-230;Francisco Marquez/Federalismo;GDL;TLQ-CORREDORATLAS;IN_SERVICE
360;GDL-255; C. Cabañas / C. Industria;GDL;POLÍGONO CENTRAL;IN_SERVICE
361;GDL-275;C. Antonio Tello / C. Lindavista;GDL;POLÍGONO CENTRAL;IN_SERVICE
362;TLQ-015; Contreras Medellín / Niños Héroes;TLQ;POLÍGONO CENTRAL;IN_SERVICE
363;GDL-229;C. Guanajuato / C. Miguel Galindo;GDL;POLÍGONO CENTRAL;IN_SERVICE
364;GDL-265;C. Clavel / Av. Gigantes;GDL;POLÍGONO CENTRAL;IN_SERVICE
365;GDL-274; Corregidora/Pensador Mexicano;GDL;TLQ-CORREDORATLAS;IN_SERVICE
366;GDL-271; Román Morales / Álvaro Obregón;GDL;POLÍGONO CENTRAL;IN_SERVICE
368;GDL-256;Josefa Ortíz/Juan Díaz Covarrubias;GDL;POLÍGONO CENTRAL;IN_SERVICE
369;GDL-262; Av. Gigantes / C. Aquiles Serdán;GDL;TLQ-CORREDORATLAS;IN_SERVICE
370;GDL-273; C. Aldama / C. Orozco Berra;GDL;TLQ-CORREDORATLAS;IN_SERVICE
371;GDL-237;Av. Ramón Corona / C. Leandro Valle;GDL;TLQ-CORREDORATLAS;IN_SERVICE
372;GDL-238;José Juan Tablada / José Vasconcelos;GDL;POLÍGONO CENTRAL;IN_SERVICE
373;GDL-251;C. Pablo Valdez / C. Mariano Jiménez;GDL;POLÍGONO CENTRAL;IN_SERVICE
374;GDL-260; Churubusco / Álvaro Obregón;GDL;POLÍGONO CENTRAL;IN_SERVICE
375;GDL-264; Federico Medrano / Antonio Rosales;GDL;POLÍGONO CENTRAL;IN_SERVICE
376;GDL-266; C. Matamoros / Calz. Revolución;GDL;TLQ-CORREDORATLAS;IN_SERVICE
377;GDL-232;Tamaulipas/Andrés Quintana Roo;GDL;TLQ-CORREDORATLAS;IN_SERVICE
378;TLQ-014; C. Hornos / C. Francisco I. Madero;TLQ;POLÍGONO CENTRAL;IN_SERVICE
379;GDL-241;Junípero Serra/José Encarnación;GDL;TLQ-CORREDORATLAS;IN_SERVICE
380;TLQ-013;Zalatitan/Francisco Silva Romero;TLQ;POLÍGONO CENTRAL;IN_SERVICE
381;GDL-231; C. Tabasco / C. Juan de la Barrera;GDL;TLQ-CORREDORATLAS;IN_SERVICE
382;GDL-272;C. Jaime Nunó / C. De la Costa ;GDL;POLÍGONO CENTRAL;IN_SERVICE
383;GDL-240;Hilarion Romero Gil/Gabriela Mistral;GDL;POLÍGONO CENTRAL;IN_SERVICE
384;GDL-252; C. Calpulalpan / C. Independencia;GDL;POLÍGONO CENTRAL;IN_SERVICE
385;GDL-246;Juan José Baz/Silvestre Revueltas;GDL;POLÍGONO CENTRAL;IN_SERVICE
386;GDL-254;Porfirio Díaz/Francisco Javier Mina;GDL;POLÍGONO CENTRAL;IN_SERVICE
387;GDL-267; C. Diego Rivera / C. Sanganguey;GDL;POLÍGONO CENTRAL;IN_SERVICE
388;GDL-253; C. General Salazar / C. Federación;GDL;POLÍGONO CENTRAL;IN_SERVICE
389;ZPN-014; Av. D / San Jorge;ZPN;ZAPOPAN CENTRO;IN_SERVICE
390;ZPN-063; Paulino Navarro/Ma del Refugio Puga;ZPN;ZAPOPAN CENTRO;IN_SERVICE
391;ZPN-078; Lago Constanza / San Jorge;ZPN;ZAPOPAN CENTRO;IN_SERVICE
392;GDL-278; Ignacio Ramirez / Del Istmo;GDL;POLÍGONO CENTRAL;IN_SERVICE
393;GDL-277; Av. 8 de julio / Alemania ;GDL;POLÍGONO CENTRAL;IN_SERVICE
394;ZPN-077; Helios / Av. Tepeyac;ZPN;POLÍGONO CENTRAL;IN_SERVICE
395;GDL-276; Francisco de Quevedo / Miguel Lerdo;GDL;POLÍGONO CENTRAL;IN_SERVICE
396;GDL-280; Golfo de Cortes/ Fernando de Celada;GDL;POLÍGONO CENTRAL;IN_SERVICE
397;GDL-279; Belen / Av. de los Maestros;GDL;POLÍGONO CENTRAL;IN_SERVICE
398;GDL-281; Nevado Toluca / Av de los Maestros;GDL;POLÍGONO CENTRAL;IN_SERVICE
401;ZPN-079; Av. Coyoacan / C. Chimalpopoca;ZPN;POLÍGONO CENTRAL;IN_SERVICE
